,acc,loss
0,0.6019738772326187,1.709142371515433
1,0.6512639336287975,1.1205850506822268
